datetime,precip_mm,temp_C,shortwave_Wm2,longwave_Wm2,wind_mps,pressure
2025-01-01 00:00:00,2.447,5.172,0.0,320.125,7.62,1009.946
2025-01-01 01:00:00,2.383,5.172,129.41,384.656,7.993,987.605
2025-01-01 02:00:00,3.192,5.172,250.0,384.239,8.049,997.114
2025-01-01 03:00:00,0.759,5.172,353.553,364.49,7.289,988.409
2025-01-01 04:00:00,1.788,5.172,433.013,322.71,8.959,1013.289
2025-01-01 05:00:00,0.81,5.172,482.963,328.45,9.697,991.719
2025-01-01 06:00:00,2.571,5.172,500.0,356.262,5.684,993.396
2025-01-01 07:00:00,0.969,5.172,482.963,418.758,6.168,987.958
2025-01-01 08:00:00,3.021,5.172,433.013,400.766,4.328,998.262
2025-01-01 09:00:00,2.15,5.172,353.553,339.882,5.767,980.136
2025-01-01 10:00:00,0.06,5.172,250.0,408.004,7.224,1011.904
2025-01-01 11:00:00,0.543,5.172,129.41,403.684,7.491,1007.232
2025-01-01 12:00:00,0.969,5.172,0.0,327.377,5.457,1006.781
2025-01-01 13:00:00,5.085,5.172,0.0,301.737,6.391,980.217
2025-01-01 14:00:00,1.388,5.172,0.0,343.424,5.116,980.311
2025-01-01 15:00:00,0.245,5.172,0.0,333.069,6.18,1005.218
2025-01-01 16:00:00,0.27,5.172,0.0,405.622,8.235,1002.012
2025-01-01 17:00:00,1.624,5.172,0.0,302.698,6.153,1010.638
2025-01-01 18:00:00,0.74,5.172,0.0,397.299,5.165,1005.487
2025-01-01 19:00:00,0.783,5.172,0.0,383.571,8.627,1001.576
2025-01-01 20:00:00,1.615,5.172,0.0,363.903,9.254,1001.22
2025-01-01 21:00:00,0.178,5.172,0.0,316.027,7.448,987.95
2025-01-01 22:00:00,1.87,5.172,0.0,370.182,9.89,998.308
2025-01-01 23:00:00,2.195,5.172,0.0,384.904,6.597,987.071
2025-01-02 00:00:00,2.345,5.344,0.0,388.274,4.842,990.328
2025-01-02 01:00:00,1.943,5.344,129.41,327.909,9.352,994.355
2025-01-02 02:00:00,0.586,5.344,250.0,367.925,5.253,988.637
2025-01-02 03:00:00,0.973,5.344,353.553,322.388,4.694,990.949
2025-01-02 04:00:00,0.06,5.344,433.013,320.589,7.44,996.838
2025-01-02 05:00:00,2.676,5.344,482.963,414.245,4.298,1016.426
2025-01-02 06:00:00,0.675,5.344,500.0,393.946,6.067,995.051
2025-01-02 07:00:00,3.75,5.344,482.963,367.737,8.048,983.388
2025-01-02 08:00:00,1.471,5.344,433.013,336.892,9.311,998.919
2025-01-02 09:00:00,0.128,5.344,353.553,370.415,7.246,991.909
2025-01-02 10:00:00,1.09,5.344,250.0,304.666,9.37,1006.076
2025-01-02 11:00:00,0.385,5.344,129.41,416.109,5.915,1013.229
2025-01-02 12:00:00,1.995,5.344,0.0,369.544,9.17,981.381
2025-01-02 13:00:00,0.736,5.344,0.0,397.206,4.977,989.982
2025-01-02 14:00:00,4.211,5.344,0.0,395.078,8.901,1004.16
2025-01-02 15:00:00,0.128,5.344,0.0,304.676,8.759,1000.716
2025-01-02 16:00:00,1.306,5.344,0.0,409.434,8.585,998.486
2025-01-02 17:00:00,0.493,5.344,0.0,409.43,4.138,991.392
2025-01-02 18:00:00,1.182,5.344,0.0,348.658,8.015,998.343
2025-01-02 19:00:00,0.548,5.344,0.0,409.977,9.366,982.204
2025-01-02 20:00:00,3.541,5.344,0.0,376.508,8.806,986.201
2025-01-02 21:00:00,1.163,5.344,0.0,305.678,8.143,981.671
2025-01-02 22:00:00,1.451,5.344,0.0,410.293,4.888,1010.705
2025-01-02 23:00:00,0.105,5.344,0.0,415.503,7.149,982.403
2025-01-03 00:00:00,0.812,5.516,0.0,400.075,9.409,999.465
2025-01-03 01:00:00,2.622,5.516,129.41,349.259,5.709,1010.231
2025-01-03 02:00:00,1.172,5.516,250.0,310.644,6.926,1001.574
2025-01-03 03:00:00,1.338,5.516,353.553,371.123,9.853,998.753
2025-01-03 04:00:00,0.382,5.516,433.013,332.272,8.314,1017.2
2025-01-03 05:00:00,0.951,5.516,482.963,335.498,7.101,1002.41
2025-01-03 06:00:00,1.562,5.516,500.0,360.271,6.334,987.697
2025-01-03 07:00:00,0.673,5.516,482.963,366.275,8.639,980.034
2025-01-03 08:00:00,1.034,5.516,433.013,333.427,7.431,981.665
2025-01-03 09:00:00,2.11,5.516,353.553,379.918,8.078,998.24
2025-01-03 10:00:00,0.587,5.516,250.0,352.275,4.489,985.875
2025-01-03 11:00:00,2.193,5.516,129.41,376.219,7.699,990.087
2025-01-03 12:00:00,0.554,5.516,0.0,394.849,9.535,1006.895
2025-01-03 13:00:00,2.902,5.516,0.0,305.849,5.829,980.198
2025-01-03 14:00:00,0.836,5.516,0.0,369.616,9.218,999.254
2025-01-03 15:00:00,0.444,5.516,0.0,344.106,6.881,1014.832
2025-01-03 16:00:00,0.584,5.516,0.0,356.398,9.23,1013.607
2025-01-03 17:00:00,2.245,5.516,0.0,376.805,8.197,1017.464
2025-01-03 18:00:00,0.639,5.516,0.0,404.429,8.855,993.905
2025-01-03 19:00:00,0.44,5.516,0.0,354.507,7.799,980.169
2025-01-03 20:00:00,3.135,5.516,0.0,392.755,5.429,1001.563
2025-01-03 21:00:00,1.771,5.516,0.0,321.205,5.843,990.401
2025-01-03 22:00:00,3.373,5.516,0.0,403.989,4.48,984.518
2025-01-03 23:00:00,0.759,5.516,0.0,304.82,8.197,1007.068
2025-01-04 00:00:00,1.429,5.688,0.0,359.007,4.018,1019.308
2025-01-04 01:00:00,0.821,5.688,129.41,344.497,6.001,1006.558
2025-01-04 02:00:00,0.708,5.688,250.0,390.139,4.628,994.303
2025-01-04 03:00:00,0.824,5.688,353.553,344.275,4.103,1013.17
2025-01-04 04:00:00,1.397,5.688,433.013,397.048,9.304,1000.831
2025-01-04 05:00:00,1.293,5.688,482.963,403.654,9.12,1019.479
2025-01-04 06:00:00,0.166,5.688,500.0,374.249,5.92,1009.217
2025-01-04 07:00:00,0.669,5.688,482.963,400.065,6.497,1001.008
2025-01-04 08:00:00,1.526,5.688,433.013,413.42,8.937,1016.406
2025-01-04 09:00:00,4.114,5.688,353.553,315.681,7.517,988.313
2025-01-04 10:00:00,2.033,5.688,250.0,398.293,6.65,988.95
2025-01-04 11:00:00,1.353,5.688,129.41,356.648,4.691,988.839
2025-01-04 12:00:00,1.794,5.688,0.0,383.867,7.023,993.983
2025-01-04 13:00:00,0.521,5.688,0.0,410.182,8.723,991.058
2025-01-04 14:00:00,0.923,5.688,0.0,314.739,5.149,1018.558
2025-01-04 15:00:00,1.693,5.688,0.0,392.183,4.506,1009.631
2025-01-04 16:00:00,2.474,5.688,0.0,352.544,8.357,1001.478
2025-01-04 17:00:00,3.197,5.688,0.0,368.609,6.684,993.136
2025-01-04 18:00:00,1.178,5.688,0.0,407.424,8.05,985.192
2025-01-04 19:00:00,1.508,5.688,0.0,323.792,5.755,1018.27
2025-01-04 20:00:00,1.38,5.688,0.0,340.313,9.188,1017.812
2025-01-04 21:00:00,1.186,5.688,0.0,354.462,4.609,980.183
2025-01-04 22:00:00,1.259,5.688,0.0,394.997,9.063,1000.537
2025-01-04 23:00:00,0.872,5.688,0.0,396.525,4.401,1003.809
2025-01-05 00:00:00,1.632,5.86,0.0,372.36,7.213,1010.6
2025-01-05 01:00:00,0.599,5.86,129.41,329.634,4.052,1019.901
2025-01-05 02:00:00,0.395,5.86,250.0,353.166,7.211,991.74
2025-01-05 03:00:00,1.556,5.86,353.553,352.812,8.588,992.292
2025-01-05 04:00:00,0.889,5.86,433.013,302.329,6.068,987.992
2025-01-05 05:00:00,1.661,5.86,482.963,337.911,8.764,998.826
2025-01-05 06:00:00,0.534,5.86,500.0,324.41,8.068,996.574
2025-01-05 07:00:00,0.43,5.86,482.963,326.499,6.898,1007.171
2025-01-05 08:00:00,0.936,5.86,433.013,323.75,6.159,1001.323
2025-01-05 09:00:00,0.292,5.86,353.553,347.155,5.913,1010.84
2025-01-05 10:00:00,0.202,5.86,250.0,350.295,9.36,1006.897
2025-01-05 11:00:00,1.072,5.86,129.41,335.327,4.637,980.634
2025-01-05 12:00:00,1.659,5.86,0.0,399.325,6.807,996.35
2025-01-05 13:00:00,1.105,5.86,0.0,300.141,7.897,994.12
2025-01-05 14:00:00,0.898,5.86,0.0,302.728,8.218,987.994
2025-01-05 15:00:00,0.987,5.86,0.0,333.142,6.954,1018.63
2025-01-05 16:00:00,1.288,5.86,0.0,402.501,6.028,997.356
2025-01-05 17:00:00,1.28,5.86,0.0,377.82,6.113,1007.052
2025-01-05 18:00:00,1.209,5.86,0.0,376.527,7.795,987.723
2025-01-05 19:00:00,2.724,5.86,0.0,390.757,8.21,1013.277
2025-01-05 20:00:00,0.406,5.86,0.0,348.046,4.278,1010.924
2025-01-05 21:00:00,0.162,5.86,0.0,327.558,8.198,985.698
2025-01-05 22:00:00,3.515,5.86,0.0,418.225,7.432,984.043
2025-01-05 23:00:00,0.494,5.86,0.0,325.532,5.201,1018.12
2025-01-06 00:00:00,2.455,6.031,0.0,411.546,8.867,988.628
2025-01-06 01:00:00,0.69,6.031,129.41,413.643,4.669,1008.492
2025-01-06 02:00:00,0.452,6.031,250.0,360.614,8.934,1007.438
2025-01-06 03:00:00,0.722,6.031,353.553,400.533,5.914,995.533
2025-01-06 04:00:00,1.848,6.031,433.013,359.262,9.283,1000.034
2025-01-06 05:00:00,1.967,6.031,482.963,382.696,5.797,985.386
2025-01-06 06:00:00,3.54,6.031,500.0,348.442,6.797,991.248
2025-01-06 07:00:00,0.107,6.031,482.963,322.114,5.185,1016.832
2025-01-06 08:00:00,2.246,6.031,433.013,322.973,5.042,1015.997
2025-01-06 09:00:00,1.134,6.031,353.553,303.643,9.436,1009.926
2025-01-06 10:00:00,1.004,6.031,250.0,316.938,9.204,1005.497
2025-01-06 11:00:00,2.114,6.031,129.41,368.724,7.934,1011.064
2025-01-06 12:00:00,0.461,6.031,0.0,391.308,7.546,981.813
2025-01-06 13:00:00,4.897,6.031,0.0,376.181,7.952,1010.113
2025-01-06 14:00:00,1.22,6.031,0.0,320.985,7.308,1019.877
2025-01-06 15:00:00,0.924,6.031,0.0,403.206,5.352,1010.149
2025-01-06 16:00:00,1.818,6.031,0.0,404.305,7.121,1015.672
2025-01-06 17:00:00,1.866,6.031,0.0,357.42,4.587,981.217
2025-01-06 18:00:00,1.59,6.031,0.0,324.841,7.901,982.664
2025-01-06 19:00:00,3.711,6.031,0.0,375.248,9.271,996.898
2025-01-06 20:00:00,0.523,6.031,0.0,417.104,7.571,1003.097
2025-01-06 21:00:00,0.174,6.031,0.0,337.705,6.717,987.037
2025-01-06 22:00:00,1.93,6.031,0.0,337.549,5.804,1017.208
2025-01-06 23:00:00,0.33,6.031,0.0,328.522,6.803,984.45
2025-01-07 00:00:00,6.287,6.202,0.0,419.713,6.464,1000.324
2025-01-07 01:00:00,4.564,6.202,129.41,337.119,7.304,992.283
2025-01-07 02:00:00,0.707,6.202,250.0,348.028,7.315,1017.655
2025-01-07 03:00:00,1.22,6.202,353.553,302.905,6.668,1015.997
2025-01-07 04:00:00,0.758,6.202,433.013,304.897,7.195,980.452
2025-01-07 05:00:00,0.379,6.202,482.963,342.317,9.898,989.666
2025-01-07 06:00:00,6.405,6.202,500.0,406.409,5.948,1011.749
2025-01-07 07:00:00,0.992,6.202,482.963,318.475,9.108,1005.886
2025-01-07 08:00:00,2.028,6.202,433.013,356.374,7.397,983.086
2025-01-07 09:00:00,0.239,6.202,353.553,301.728,9.257,987.615
2025-01-07 10:00:00,1.314,6.202,250.0,361.281,9.935,999.26
2025-01-07 11:00:00,0.407,6.202,129.41,383.174,7.07,1009.0
2025-01-07 12:00:00,0.711,6.202,0.0,389.152,9.4,1005.053
2025-01-07 13:00:00,1.088,6.202,0.0,323.21,5.629,983.678
2025-01-07 14:00:00,0.804,6.202,0.0,361.182,8.834,1015.435
2025-01-07 15:00:00,2.51,6.202,0.0,319.196,6.739,1019.253
2025-01-07 16:00:00,1.184,6.202,0.0,338.099,4.668,1004.011
2025-01-07 17:00:00,1.825,6.202,0.0,367.069,8.519,985.429
2025-01-07 18:00:00,1.638,6.202,0.0,322.673,4.38,998.67
2025-01-07 19:00:00,1.152,6.202,0.0,349.677,7.746,985.242
2025-01-07 20:00:00,2.831,6.202,0.0,402.624,4.723,1009.618
2025-01-07 21:00:00,2.512,6.202,0.0,300.508,5.524,992.655
2025-01-07 22:00:00,3.682,6.202,0.0,398.879,8.483,981.383
2025-01-07 23:00:00,3.9,6.202,0.0,349.832,8.181,1001.22
2025-01-08 00:00:00,0.658,6.373,0.0,309.34,9.181,996.124
2025-01-08 01:00:00,0.414,6.373,129.41,311.482,4.064,1010.726
2025-01-08 02:00:00,0.569,6.373,250.0,387.349,6.779,1000.215
2025-01-08 03:00:00,2.607,6.373,353.553,338.301,8.461,1017.881
2025-01-08 04:00:00,1.396,6.373,433.013,379.692,6.387,1004.147
2025-01-08 05:00:00,1.338,6.373,482.963,383.345,6.482,994.074
2025-01-08 06:00:00,0.443,6.373,500.0,359.441,5.228,1007.275
2025-01-08 07:00:00,1.668,6.373,482.963,307.927,4.937,1006.516
2025-01-08 08:00:00,1.042,6.373,433.013,303.385,7.092,996.537
2025-01-08 09:00:00,3.378,6.373,353.553,337.876,9.892,1016.237
2025-01-08 10:00:00,0.213,6.373,250.0,389.406,5.733,1002.659
2025-01-08 11:00:00,0.523,6.373,129.41,360.914,7.131,983.859
2025-01-08 12:00:00,1.486,6.373,0.0,388.089,8.91,1001.998
2025-01-08 13:00:00,2.314,6.373,0.0,354.574,9.094,995.867
2025-01-08 14:00:00,0.562,6.373,0.0,320.682,9.448,988.77
2025-01-08 15:00:00,1.447,6.373,0.0,342.865,6.129,1007.812
2025-01-08 16:00:00,2.19,6.373,0.0,383.495,7.179,999.917
2025-01-08 17:00:00,1.868,6.373,0.0,348.537,7.644,998.602
2025-01-08 18:00:00,1.578,6.373,0.0,339.118,8.173,1008.837
2025-01-08 19:00:00,0.151,6.373,0.0,354.91,7.346,993.413
2025-01-08 20:00:00,0.504,6.373,0.0,391.96,6.802,1019.177
2025-01-08 21:00:00,1.717,6.373,0.0,309.706,9.357,1010.264
2025-01-08 22:00:00,2.185,6.373,0.0,370.577,4.573,989.337
2025-01-08 23:00:00,1.194,6.373,0.0,356.433,9.299,1013.292
2025-01-09 00:00:00,1.611,6.543,0.0,319.209,9.96,993.213
2025-01-09 01:00:00,0.625,6.543,129.41,329.653,7.983,1015.958
2025-01-09 02:00:00,0.605,6.543,250.0,414.668,9.038,1019.225
2025-01-09 03:00:00,0.437,6.543,353.553,332.726,8.654,1012.513
2025-01-09 04:00:00,3.975,6.543,433.013,322.104,9.675,1000.701
2025-01-09 05:00:00,0.52,6.543,482.963,315.822,5.662,986.506
2025-01-09 06:00:00,2.529,6.543,500.0,368.101,9.726,994.049
2025-01-09 07:00:00,2.166,6.543,482.963,358.074,6.343,997.243
2025-01-09 08:00:00,0.144,6.543,433.013,319.486,6.251,986.95
2025-01-09 09:00:00,0.857,6.543,353.553,342.203,4.94,1015.281
2025-01-09 10:00:00,7.593,6.543,250.0,375.799,5.716,1016.657
2025-01-09 11:00:00,0.81,6.543,129.41,325.582,4.759,990.274
2025-01-09 12:00:00,0.983,6.543,0.0,302.775,9.518,986.91
2025-01-09 13:00:00,3.228,6.543,0.0,394.654,7.99,988.906
2025-01-09 14:00:00,0.486,6.543,0.0,416.28,9.193,993.748
2025-01-09 15:00:00,1.439,6.543,0.0,376.282,5.265,997.224
2025-01-09 16:00:00,1.553,6.543,0.0,312.024,7.532,1013.54
2025-01-09 17:00:00,1.763,6.543,0.0,330.567,6.631,982.21
2025-01-09 18:00:00,1.865,6.543,0.0,341.747,9.284,1004.51
2025-01-09 19:00:00,0.674,6.543,0.0,324.737,6.456,1012.547
2025-01-09 20:00:00,3.32,6.543,0.0,415.198,6.838,995.994
2025-01-09 21:00:00,2.464,6.543,0.0,399.025,5.828,1007.536
2025-01-09 22:00:00,0.587,6.543,0.0,372.547,8.012,1012.469
2025-01-09 23:00:00,0.363,6.543,0.0,360.879,4.525,985.288
2025-01-10 00:00:00,1.716,6.713,0.0,323.936,9.662,999.641
